{"_step":9999,"elapsed_time":422.47393012046814,"_runtime":426.406604791,"iter":9999,"train/loss":0.2760363221168518,"train/step_loss":0.3533053994178772,"_timestamp":1.766701160296016e+09,"_wandb":{"runtime":426},"test/loss":3.058037042617798}